time,V
40.6259716113711,985.234285868931
27.0036481809873,1113.42452125632
18.9977267223398,1204.78173170223
12.9072174612723,1466.8534898489
6.115273144857,3269.77982931034
0,15013.6950586219
